INSERT INTO Users(user_id, username, email, password_hash, created_at) VALUES
(1, 'johndoe', 'john.doe@example.com', 'dc6486c479e84c94efce4bea7169ef7d', '2024-01-15 10:20:30'),
(2, 'janesmith', 'jane.smith@example.com', '4c80b6da07d35d393fc7158e18b8d8f9', '2024-03-22 08:15:00'),
(3, 'alexjohnson', 'alex.johnson@example.com', '979694329a71ceedee86b4cde9f97afe', '2024-05-10 12:00:00'),
(4, 'emilybrown', 'emily.brown@example.com', 'c197ad3b13c5d12b09e8a0a9965f00f2', '2024-07-18 17:45:00'),
(5, 'michaeldavis', 'michael.davis@example.com', '13ce06143a52801f35bde2af0ad54972', '2024-09-30 09:00:00'),
(6, 'sarahlee', 'sarah.lee@example.com', '769845d480b5043f545fa9b66a0353a6', '2025-02-14 11:30:00'),
(7, 'davidkim', 'david.kim@example.com', 'e966b6a0742878ce747cec3fa1bf6a53', '2025-03-01 19:20:00'),
(8, 'laurawilson', 'laura.wilson@example.com', 'b0d811ad4f1d6147cd28a5d400a8ffe0', '2025-04-08 07:10:00'),
(9, 'carlosgarcia', 'carlos.garcia@example.com', 'bbabea5839025cb5902f468473028165', '2025-05-20 14:00:00'),
(10, 'angelawhite', 'angela.white@example.com', '61e7df57b64beea6fa11b0068779a65f', '2025-05-28 13:00:00');

INSERT INTO Categories(category_id, name) VALUES
(1, 'Appetizer'),
(2, 'Soup'),
(3, 'Salad'),
(4, 'Main Course'),
(5, 'Dessert');

INSERT INTO Tastes(taste_id, name) VALUES
(1, 'Sweet'),
(2, 'Spicy'),
(3, 'Sour'),
(4, 'Savory'),
(5, 'Bitter'),
(6, 'Umami');

INSERT INTO MeasureUnits(measure_unit_id, name) VALUES
(1, 'g'),
(2, 'ml'),
(3, 'tbsp'),
(4, 'tsp'),
(5, 'piece'),
(6, 'cup');

INSERT INTO Ingredients(ingredient_id, name, measure_unit_id) VALUES
(1, 'Apple', 5),
(2, 'Avocado', 5),
(3, 'Bacon', 1),
(4, 'Baking powder', 4),
(5, 'Basil', 1),
(6, 'Beef chuck', 1),
(7, 'Beer', 2),
(8, 'Bell pepper', 5),
(9, 'Black pepper', 4),
(10, 'Bread (baguette)', 5),
(11, 'Burger bun', 5),
(12, 'Butter', 1),
(13, 'Cabbage', 5),
(14, 'Carrot', 5),
(15, 'Cheddar cheese', 1),
(16, 'Chicken breast', 5),
(17, 'Chickpeas', 1),
(18, 'Chili powder', 4),
(19, 'Cilantro', 1),
(20, 'Cinnamon', 4),
(21, 'Clams', 1),
(22, 'Cocoa powder', 1),
(23, 'Coconut milk', 2),
(24, 'Cod fillet', 5),
(25, 'Cream cheese', 1),
(26, 'Cumin', 4),
(27, 'Egg', 5),
(28, 'Eggplant', 5),
(29, 'Feta cheese', 1),
(30, 'Fish sauce', 3),
(31, 'Flour', 1),
(32, 'Garam masala', 4),
(33, 'Garlic', 5),
(34, 'Ginger', 4),
(35, 'Green curry paste', 3),
(36, 'Ground beef', 1),
(37, 'Ground lamb', 1),
(38, 'Ground pork', 1),
(39, 'Heavy cream', 2),
(40, 'Kale', 1),
(41, 'Kidney beans', 6),
(42, 'Ladyfingers', 5),
(43, 'Lemon', 5),
(44, 'Lettuce', 5),
(45, 'Lime', 5),
(46, 'Mascarpone cheese', 1),
(47, 'Milk', 2),
(48, 'Miso paste', 3),
(49, 'Mozzarella cheese', 1),
(50, 'Mushrooms', 1),
(51, 'Olive oil', 3),
(52, 'Olives', 1),
(53, 'Onion', 5),
(54, 'Oregano', 4),
(55, 'Pancetta', 1),
(56, 'Paprika', 4),
(57, 'Parmesan cheese', 1),
(58, 'Parsley', 1),
(59, 'Pasta', 1),
(60, 'Peas', 6),
(61, 'Pineapple', 1),
(62, 'Pork ribs', 1),
(63, 'Potato', 5),
(64, 'Red wine', 2),
(65, 'Rice', 6),
(66, 'Rice noodles', 1),
(67, 'Salt', 4),
(68, 'Shrimp', 5),
(69, 'Soy sauce', 3),
(70, 'Sugar', 1),
(71, 'Tahini', 3),
(72, 'Tofu', 1),
(73, 'Tomato', 5),
(74, 'Tomato sauce', 6),
(75, 'Tortilla', 5),
(76, 'Turmeric', 4),
(77, 'Vanilla extract', 4),
(78, 'Vegetable oil', 2),
(79, 'Vinegar', 3),
(80, 'Yeast', 4),
(81, 'Yogurt', 6),
(82, 'Zucchini', 5);

INSERT INTO Currency(currency_id, name) VALUES (1, 'EUR');

INSERT INTO Prices(price_id, ingredient_id, currency_id, price, last_updated) VALUES
(1, 1, 1, 0.50, '2025-05-28'),    -- Apple (piece)
(2, 2, 1, 1.00, '2025-05-28'),    -- Avocado (piece)
(3, 3, 1, 1.00, '2025-05-28'),    -- Bacon (g, 0.01*100)
(4, 4, 1, 0.01, '2025-05-28'),    -- Baking powder (tsp)
(5, 5, 1, 2.00, '2025-05-28'),    -- Basil (g, 0.02*100)
(6, 6, 1, 1.00, '2025-05-28'),    -- Beef chuck (g, 0.01*100)
(7, 7, 1, 0.00, '2025-05-28'),    -- Beer (ml, 0.00*100)
(8, 8, 1, 0.80, '2025-05-28'),    -- Bell pepper (piece)
(9, 9, 1, 0.02, '2025-05-28'),    -- Black pepper (tsp)
(10, 10, 1, 1.50, '2025-05-28'),  -- Bread (piece)
(11, 11, 1, 0.50, '2025-05-28'),  -- Burger bun (piece)
(12, 12, 1, 800.00, '2025-05-28'),-- Butter (g, 8.00*100)
(13, 13, 1, 2.00, '2025-05-28'),  -- Cabbage (piece)
(14, 14, 1, 0.15, '2025-05-28'),  -- Carrot (piece)
(15, 15, 1, 1.00, '2025-05-28'),  -- Cheddar cheese (g, 0.01*100)
(16, 16, 1, 2.00, '2025-05-28'),  -- Chicken breast (piece)
(17, 17, 1, 0.00, '2025-05-28'),  -- Chickpeas (g, 0.00*100)
(18, 18, 1, 0.03, '2025-05-28'),  -- Chili powder (tsp)
(19, 19, 1, 2.00, '2025-05-28'),  -- Cilantro (g, 0.02*100)
(20, 20, 1, 5.00, '2025-05-28'),  -- Cinnamon (tsp, залишаємо як є)
(21, 21, 1, 1.00, '2025-05-28'),  -- Clams (g, 0.01*100)
(22, 22, 1, 2.00, '2025-05-28'),  -- Cocoa powder (g, 0.02*100)
(23, 23, 1, 0.00, '2025-05-28'),  -- Coconut milk (ml, 0.00*100)
(24, 24, 1, 3.00, '2025-05-28'),  -- Cod fillet (piece)
(25, 25, 1, 1.00, '2025-05-28'),  -- Cream cheese (g, 0.01*100)
(26, 26, 1, 3.00, '2025-05-28'),  -- Cumin (tsp, залишаємо як є)
(27, 27, 1, 0.20, '2025-05-28'),  -- Egg (piece)
(28, 28, 1, 0.00, '2025-05-28'),  -- Eggplant (piece)
(29, 29, 1, 1.00, '2025-05-28'),  -- Feta cheese (g, 0.01*100)
(30, 30, 1, 15.00, '2025-05-28'), -- Fish sauce (tbsp)
(31, 31, 1, 0.00, '2025-05-28'),  -- Flour (g, 0.00*100)
(32, 32, 1, 12.00, '2025-05-28'), -- Garam masala (tsp)
(33, 33, 1, 5.00, '2025-05-28'),  -- Garlic (piece)
(34, 34, 1, 4.00, '2025-05-28'),  -- Ginger (tsp)
(35, 35, 1, 2.00, '2025-05-28'),  -- Green curry paste (tbsp)
(36, 36, 1, 1.00, '2025-05-28'),  -- Ground beef (g, 0.01*100)
(37, 37, 1, 1.00, '2025-05-28'),  -- Ground lamb (g, 0.01*100)
(38, 38, 1, 1.00, '2025-05-28'),  -- Ground pork (g, 0.01*100)
(39, 39, 1, 0.30, '2025-05-28'),  -- Heavy cream (ml, 0.003*100=0.30)
(40, 40, 1, 2.00, '2025-05-28'),  -- Kale (g, 0.02*100)
(41, 41, 1, 0.50, '2025-05-28'),  -- Kidney beans (cup)
(42, 42, 1, 0.10, '2025-05-28'),  -- Ladyfingers (piece)
(43, 43, 1, 0.40, '2025-05-28'),  -- Lemon (piece)
(44, 44, 1, 0.30, '2025-05-28'),  -- Lettuce (piece)
(45, 45, 1, 0.01, '2025-05-28'),  -- Lime (piece)
(46, 46, 1, 1.00, '2025-05-28'),  -- Mascarpone cheese (g, 0.01*100)
(47, 47, 1, 1.00, '2025-05-28'),  -- Milk (ml, 0.01*100)
(48, 48, 1, 50.00, '2025-05-28'), -- Miso paste (tbsp)
(49, 49, 1, 50.00, '2025-05-28'), -- Mozzarella cheese (g, 0.50*100)
(50, 50, 1, 20.00, '2025-05-28'), -- Mushrooms (g, 0.20*100)
(51, 51, 1, 12.00, '2025-05-28'), -- Olive oil (tbsp)
(52, 52, 1, 0.60, '2025-05-28'),  -- Olives (g, 0.006*100)
(53, 53, 1, 0.30, '2025-05-28'),  -- Onion (piece)
(54, 54, 1, 2.00, '2025-05-28'),  -- Oregano (tsp)
(55, 55, 1, 1.00, '2025-05-28'),  -- Pancetta (g, 0.01*100)
(56, 56, 1, 2.50, '2025-05-28'),  -- Paprika (tsp)
(57, 57, 1, 1.00, '2025-05-28'),  -- Parmesan cheese (g, 0.01*100)
(58, 58, 1, 2.00, '2025-05-28'),  -- Parsley (g, 0.02*100)
(59, 59, 1, 0.50, '2025-05-28'),  -- Pasta (g, 0.005*100)
(60, 60, 1, 0.30, '2025-05-28'),  -- Peas (cup)
(61, 61, 1, 0.00, '2025-05-28'),  -- Pineapple (g, 0.00*100)
(62, 62, 1, 0.00, '2025-05-28'),  -- Pork ribs (g, 0.00*100)
(63, 63, 1, 0.20, '2025-05-28'),  -- Potato (g, 0.002*100)
(64, 64, 1, 0.60, '2025-05-28'),  -- Red wine (ml, 0.006*100)
(65, 65, 1, 0.10, '2025-05-28'),  -- Rice (g, 0.001*100)
(66, 66, 1, 0.30, '2025-05-28'),  -- Rice noodles (g, 0.003*100)
(67, 67, 1, 0.20, '2025-05-28'),  -- Salt (tsp)
(68, 68, 1, 0.50, '2025-05-28'),  -- Shrimp (piece)
(69, 69, 1, 15.00, '2025-05-28'), -- Soy sauce (tbsp)
(70, 70, 1, 0.20, '2025-05-28'),  -- Sugar (g, 0.002*100)
(71, 71, 1, 20.00, '2025-05-28'), -- Tahini (tbsp)
(72, 72, 1, 10.00, '2025-05-28'), -- Tofu (g, 0.10*100)
(73, 73, 1, 0.20, '2025-05-28'),  -- Tomato (g, 0.002*100)
(74, 74, 1, 0.60, '2025-05-28'),  -- Tomato sauce (cup)
(75, 75, 1, 0.20, '2025-05-28'),  -- Tortilla (piece)
(76, 76, 1, 3.00, '2025-05-28'),  -- Turmeric (tsp)
(77, 77, 1, 50.00, '2025-05-28'), -- Vanilla extract (tsp)
(78, 78, 1, 0.20, '2025-05-28'),  -- Vegetable oil (ml, 0.002*100)
(79, 79, 1, 0.30, '2025-05-28'),  -- Vinegar (tbsp)
(80, 80, 1, 1.00, '2025-05-28'),  -- Yeast (tsp)
(81, 81, 1, 50.00, '2025-05-28'), -- Yogurt (cup)
(82, 82, 1, 0.20, '2025-05-28');  -- Zucchini (g, 0.002*100)


-- Appetizers
INSERT INTO Dishes(dish_id, name, description, cooking_difficulty, cooking_time, category_id) VALUES
(1, 'Bruschetta', 'Grilled bread rubbed with garlic and topped with a fresh mixture of chopped tomatoes, basil, olive oil, and salt.', 1, 15, 1),
(2, 'Hummus', 'A creamy Middle Eastern dip made from blended chickpeas, tahini (sesame paste), lemon juice, garlic, and olive oil.', 1, 10, 1),
(3, 'Spring Rolls', 'Crispy fried rolls filled with shredded vegetables (like cabbage and carrots) and sometimes meat, served with a sweet chili dipping sauce.', 2, 30, 1),
(4, 'Samosas', 'Fried Indian pastries stuffed with a spiced filling of potatoes and peas. Golden and crispy on the outside, soft and savory inside.', 3, 60, 1),
(5, 'Dumplings', 'Steamed or fried Chinese dumplings filled with seasoned ground pork and cabbage. Served with a soy-ginger dipping sauce.', 3, 60, 1),
(6, 'Ceviche', 'A Latin American dish of raw fish cured in fresh lime juice, tossed with red onions, cilantro, and chili. Served chilled, it is tangy and refreshing.', 2, 20, 1),
(7, 'Falafel', 'Middle Eastern fritters made from ground chickpeas and herbs, deep-fried until crispy. Often served with tahini sauce or in pita bread.', 2, 45, 1);
-- Soups
INSERT INTO Dishes(dish_id, name, description, cooking_difficulty, cooking_time, category_id) VALUES
(8, 'Tom Yum Soup', 'A hot and sour Thai soup with shrimp, mushrooms, and aromatic herbs. Flavored with lemongrass, lime, chili, and fish sauce for a spicy and tangy broth.', 3, 30, 2),
(9, 'Miso Soup', 'A traditional Japanese soup made with a dashi broth mixed with miso paste. Contains tofu, seaweed, and green onions in a savory, umami-rich broth.', 1, 15, 2),
(10, 'French Onion Soup', 'A classic French soup of deeply caramelized onions simmered in beef broth. Topped with a slice of baguette and melted cheese, making a rich, comforting dish.', 3, 60, 2),
(11, 'Minestrone', 'A hearty Italian vegetable soup filled with tomatoes, beans, pasta, and seasonal vegetables. Often flavored with herbs and topped with grated cheese.', 2, 45, 2),
(12, 'Borscht', 'A vibrant Eastern European soup made from beets, cabbage, and other vegetables. Typically served with a dollop of sour cream, it is both sweet and tangy.', 3, 90, 2),
(13, 'Pho', 'A Vietnamese noodle soup featuring a flavorful broth scented with star anise, cloves, and cinnamon. Served with rice noodles, tender beef slices, and fresh herbs.', 4, 120, 2),
(14, 'Gazpacho', 'A chilled Spanish soup made by blending raw vegetables like tomatoes, cucumbers, bell peppers, garlic, olive oil, and vinegar. Refreshing and served cold.', 1, 20, 2),
(15, 'Clam Chowder', 'A creamy American soup loaded with clams, potatoes, onions, and celery. Often prepared with milk or cream and served with crusty bread.', 3, 45, 2);
-- Salads
INSERT INTO Dishes(dish_id, name, description, cooking_difficulty, cooking_time, category_id) VALUES
(16, 'Caesar Salad', 'A popular salad of crisp romaine lettuce tossed in a creamy dressing made with egg, Parmesan, lemon, and garlic. Often topped with croutons and extra Parmesan.', 2, 20, 3),
(17, 'Greek Salad', 'A refreshing salad featuring chopped tomatoes, cucumbers, bell peppers, red onion, and olives. Tossed with olive oil, oregano, and topped with tangy feta cheese.', 1, 15, 3),
(18, 'Caprese Salad', 'A simple Italian salad of fresh mozzarella cheese, ripe tomatoes, and basil leaves. Drizzled with olive oil and seasoned with salt, it highlights quality ingredients.', 1, 10, 3),
(19, 'Kale Salad', 'A nutritious salad made with chopped kale leaves massaged with lemon juice and olive oil. Often tossed with add-ins like grated Parmesan or nuts for extra flavor.', 2, 15, 3),
(20, 'Cobb Salad', 'An American salad loaded with toppings: chopped chicken, crispy bacon, hard-boiled eggs, avocado, tomatoes, and crumbled cheese over a bed of lettuce.', 2, 30, 3);
-- Main Courses
INSERT INTO Dishes(dish_id, name, description, cooking_difficulty, cooking_time, category_id) VALUES
(21, 'Spaghetti Carbonara', 'A classic Roman pasta dish made with spaghetti tossed in a silky sauce of eggs, pancetta, and Parmesan cheese. Seasoned with black pepper for a rich, creamy finish.', 2, 20, 4),
(22, 'Margherita Pizza', 'An iconic Neapolitan pizza topped with a simple combination of tomato sauce, fresh mozzarella cheese, and basil leaves. Baked until the crust is crisp and the cheese is bubbly.', 3, 90, 4),
(23, 'Beef Bourguignon', 'A French stew featuring tender beef chunks slow-cooked in red wine with bacon, onions, carrots, and mushrooms. The rich sauce is deeply flavorful and hearty.', 5, 180, 4),
(24, 'Ratatouille', 'A Provençal vegetable stew consisting of eggplant, zucchini, bell peppers, tomatoes, and herbs. The vegetables are slowly simmered together to create a savory, rustic dish.', 3, 60, 4),
(25, 'Chicken Tikka Masala', 'An Indian-inspired curry of marinated chicken pieces roasted and then simmered in a creamy tomato sauce spiced with garam masala, cumin, and turmeric.', 3, 60, 4),
(26, 'Pad Thai', 'A popular Thai stir-fried noodle dish that balances sweet, sour, and savory flavors. It includes rice noodles tossed with shrimp, egg, tofu, bean sprouts, and crushed peanuts.', 2, 30, 4),
(27, 'Fried Rice', 'A quick Asian dish of stir-fried rice with mixed vegetables, scrambled egg, and soy sauce. Often made with day-old rice for better texture.', 2, 20, 4),
(28, 'Tacos al Pastor', 'A Mexican street-food favorite featuring marinated pork (in chili and pineapple) that''s grilled and sliced thin. Served on corn tortillas with diced onion, fresh cilantro, and a squeeze of lime.', 4, 120, 4),
(29, 'Cheeseburger', 'An American classic: a grilled beef patty served in a soft bun with melted cheddar cheese. Typically garnished with lettuce, tomato, onion, and condiments.', 2, 30, 4),
(30, 'Paella', 'A famous Spanish rice dish cooked in a wide shallow pan. Saffron-infused rice is simmered with ingredients like shrimp, mussels, chicken, and peas to absorb rich flavors.', 4, 60, 4),
(31, 'California Roll', 'A type of sushi roll with rice, crab meat, avocado, and cucumber. Often prepared inside-out with rice on the outside and served with soy sauce, wasabi, and pickled ginger.', 3, 50, 4),
(32, 'Shawarma', 'Middle Eastern dish of marinated meat (often lamb or chicken) roasted on a spit and shaved thin. Served in flatbread with toppings like tomatoes, cucumber, and tahini sauce.', 3, 120, 4),
(33, 'Moussaka', 'A layered Greek casserole with slices of eggplant, a spiced ground lamb sauce, and a creamy béchamel topping. Baked until golden and served in square portions.', 4, 90, 4),
(34, 'Goulash', 'A hearty Hungarian stew made with beef, potatoes, and paprika. Simmered slowly in broth with onions and peppers until the meat is tender.', 3, 120, 4),
(35, 'Fish and Chips', 'A British favorite of beer-battered white fish deep-fried until crispy, paired with thick-cut fries. Often served with tartar sauce and malt vinegar.', 2, 40, 4),
(36, 'Enchiladas', 'A Mexican dish of corn tortillas rolled around a savory filling (such as spiced ground beef) and baked under a layer of tomato chili sauce and melted cheese.', 3, 45, 4),
(37, 'BBQ Ribs', 'Pork ribs slow-cooked until tender and slathered with a tangy-sweet barbecue sauce. The meat becomes fall-off-the-bone soft with a caramelized glaze.', 4, 180, 4),
(38, 'Kung Pao Chicken', 'A spicy Sichuan stir-fry with diced chicken, peanuts, and vegetables. Coated in a savory-sweet sauce with chili peppers for a fiery kick.', 2, 30, 4),
(39, 'Biryani', 'A fragrant Indian rice dish cooked with spices, meat (such as chicken) and fried onions. The rice and meat are layered and steamed together for rich flavor.', 4, 90, 4),
(40, 'Green Curry', 'A spicy Thai curry made with coconut milk, green chili paste, and herbs. Typically cooked with chicken or tofu and vegetables, and served with rice.', 2, 30, 4),
(41, 'Mac and Cheese', 'A comforting dish of tender macaroni pasta baked in a creamy cheddar cheese sauce. A simple, cheesy casserole loved by all ages.', 1, 30, 4),
(42, 'Bibimbap', 'A colorful Korean rice bowl topped with assorted sautéed vegetables, marinated beef, and a fried egg. Traditionally mixed with a spicy gochujang sauce before eating.', 3, 40, 4),
(43, 'Chili con Carne', 'A hearty stew of ground beef and kidney beans simmered with tomatoes, chili peppers, and spices. A classic Tex-Mex comfort food often topped with cheese.', 3, 90, 4);
-- Desserts
INSERT INTO Dishes(dish_id, name, description, cooking_difficulty, cooking_time, category_id) VALUES
(44, 'Chocolate Brownies', 'Rich, fudgy chocolate squares made by baking a batter of cocoa, butter, sugar, eggs, and flour. Moist and indulgent, often enjoyed as a dessert or snack.', 2, 45, 5),
(45, 'Tiramisu', 'An Italian no-bake dessert with layers of coffee-soaked ladyfingers and a creamy mascarpone filling. Finished with a dusting of cocoa for a bittersweet touch.', 3, 30, 5),
(46, 'Apple Pie', 'A classic dessert featuring a flaky pastry crust filled with spiced apples (cinnamon and sugar). Baked until the apples are tender and the crust is golden brown.', 3, 60, 5),
(47, 'Cheesecake', 'A creamy dessert made with sweetened cream cheese and eggs on a biscuit crust. Baked gently and cooled, it has a rich, tangy flavor and smooth texture.', 3, 90, 5),
(48, 'Crepes', 'Thin French pancakes made from a simple batter of flour, milk, and eggs. Cooked in a skillet and served with sweet fillings like fruit or chocolate.', 2, 20, 5),
(49, 'Churros', 'A fried pastry dough dessert rolled in cinnamon sugar. The churros are crispy on the outside and soft inside, often served with a chocolate dipping sauce.', 3, 30, 5),
(50, 'Gulab Jamun', 'A traditional Indian dessert of deep-fried dough balls made from milk solids, soaked in a warm sugar syrup flavored with cardamom and rose water.', 3, 60, 5);

INSERT INTO DishTastes(dish_id, taste_id) VALUES
(1, 4),
(1, 6),
(2, 3),
(2, 4),
(3, 4),
(4, 2),
(4, 4),
(5, 4),
(5, 6),
(6, 2),
(6, 3),
(6, 4),
(7, 4),
(8, 2),
(8, 3),
(8, 6),
(9, 4),
(9, 6),
(10, 4),
(10, 6),
(11, 4),
(12, 3),
(12, 4),
(13, 4),
(13, 6),
(14, 3),
(14, 4),
(15, 4),
(15, 6),
(16, 4),
(16, 6),
(17, 3),
(17, 4),
(18, 4),
(18, 6),
(19, 3),
(19, 4),
(19, 5),
(20, 4),
(21, 4),
(21, 6),
(22, 4),
(22, 6),
(23, 4),
(23, 6),
(24, 4),
(24, 6),
(25, 2),
(25, 4),
(25, 6),
(26, 1),
(26, 2),
(26, 3),
(26, 6),
(27, 4),
(27, 6),
(28, 1),
(28, 2),
(28, 4),
(29, 4),
(29, 6),
(30, 4),
(30, 6),
(31, 4),
(31, 6),
(32, 4),
(32, 6),
(33, 4),
(33, 6),
(34, 4),
(34, 6),
(35, 4),
(36, 2),
(36, 4),
(37, 1),
(37, 2),
(37, 4),
(38, 1),
(38, 2),
(38, 4),
(39, 2),
(39, 4),
(40, 1),
(40, 2),
(40, 4),
(41, 4),
(41, 6),
(42, 2),
(42, 4),
(42, 6),
(43, 2),
(43, 4),
(43, 6),
(44, 1),
(44, 5),
(45, 1),
(45, 5),
(46, 1),
(46, 3),
(47, 1),
(47, 3),
(48, 1),
(49, 1),
(50, 1);

INSERT INTO DishIngredients(dish_id, ingredient_id, quantity) VALUES
(1, 10, 1.00),
(1, 73, 3.00),
(1, 33, 2.00),
(1, 5, 5.00),
(1, 51, 2.00),
(1, 67, 0.50),
(1, 9, 0.25),
(2, 17, 300.00),
(2, 71, 2.00),
(2, 33, 1.00),
(2, 43, 1.00),
(2, 51, 2.00),
(2, 67, 0.50),
(3, 13, 0.25),
(3, 14, 1.00),
(3, 33, 2.00),
(3, 34, 1.00),
(3, 69, 1.00),
(3, 78, 500.00),
(4, 31, 200.00),
(4, 63, 2.00),
(4, 60, 0.50),
(4, 26, 1.00),
(4, 76, 0.50),
(4, 32, 1.00),
(4, 33, 1.00),
(4, 34, 1.00),
(4, 78, 500.00),
(5, 38, 200.00),
(5, 13, 0.25),
(5, 33, 2.00),
(5, 34, 1.00),
(5, 69, 1.00),
(5, 67, 0.50),
(6, 24, 2.00),
(6, 45, 2.00),
(6, 53, 0.50),
(6, 19, 5.00),
(6, 18, 0.50),
(6, 67, 0.50),
(7, 17, 250.00),
(7, 53, 1.00),
(7, 33, 2.00),
(7, 58, 10.00),
(7, 26, 1.00),
(7, 31, 30.00),
(7, 4, 0.50),
(7, 78, 500.00),
(8, 68, 6.00),
(8, 50, 100.00),
(8, 30, 2.00),
(8, 45, 1.00),
(8, 34, 1.00),
(8, 33, 2.00),
(8, 18, 1.00),
(8, 67, 0.50),
(9, 48, 2.00),
(9, 72, 100.00),
(9, 50, 5.00),
(10, 53, 5.00),
(10, 12, 50.00),
(10, 31, 15.00),
(10, 64, 100.00),
(10, 10, 0.25),
(10, 15, 50.00),
(11, 51, 1.00),
(11, 53, 1.00),
(11, 14, 1.00),
(11, 73, 2.00),
(11, 41, 1.00),
(11, 59, 50.00),
(11, 67, 1.00),
(12, 6, 300.00),
(12, 20, 2.00),
(12, 13, 0.25),
(12, 14, 1.00),
(12, 63, 2.00),
(12, 79, 1.00),
(12, 67, 1.00),
(13, 6, 200.00),
(13, 66, 100.00),
(13, 30, 2.00),
(13, 20, 1.00),
(13, 34, 2.00),
(13, 67, 1.00),
(14, 73, 4.00),
(14, 44, 1.00),
(14, 8, 1.00),
(14, 33, 1.00),
(14, 51, 3.00),
(14, 79, 2.00),
(14, 67, 1.00),
(15, 21, 200.00),
(15, 63, 2.00),
(15, 53, 1.00),
(15, 3, 50.00),
(15, 47, 200.00),
(15, 12, 30.00),
(15, 31, 20.00),
(15, 67, 1.00),
(16, 44, 1.00),
(16, 51, 3.00),
(16, 43, 0.50),
(16, 33, 1.00),
(16, 57, 20.00),
(16, 67, 0.50),
(17, 73, 2.00),
(17, 44, 1.00),
(17, 8, 1.00),
(17, 53, 0.50),
(17, 52, 50.00),
(17, 29, 50.00),
(17, 51, 2.00),
(17, 79, 1.00),
(17, 54, 1.00),
(17, 67, 0.50),
(18, 73, 2.00),
(18, 49, 150.00),
(18, 5, 5.00),
(18, 51, 2.00),
(18, 67, 0.50),
(19, 40, 100.00),
(19, 51, 2.00),
(19, 43, 0.50),
(19, 33, 1.00),
(19, 57, 10.00),
(19, 67, 0.50),
(20, 44, 1.00),
(20, 16, 1.00),
(20, 3, 50.00),
(20, 27, 2.00),
(20, 2, 1.00),
(20, 73, 1.00),
(20, 15, 50.00),
(20, 51, 2.00),
(20, 79, 1.00),
(20, 67, 1.00),
(21, 59, 200.00),
(21, 55, 100.00),
(21, 27, 2.00),
(21, 57, 50.00),
(21, 9, 1.00),
(21, 67, 1.00),
(22, 31, 300.00),
(22, 80, 1.00),
(22, 74, 0.50),
(22, 49, 150.00),
(22, 5, 5.00),
(22, 51, 1.00),
(22, 67, 1.00),
(23, 6, 500.00),
(23, 3, 100.00),
(23, 53, 2.00),
(23, 14, 2.00),
(23, 50, 100.00),
(23, 64, 300.00),
(23, 31, 20.00),
(23, 67, 1.00),
(24, 28, 1.00),
(24, 82, 1.00),
(24, 8, 2.00),
(24, 73, 4.00),
(24, 33, 3.00),
(24, 51, 3.00),
(24, 67, 1.00),
(25, 16, 2.00),
(25, 81, 0.50),
(25, 33, 2.00),
(25, 34, 1.00),
(25, 32, 1.00),
(25, 26, 1.00),
(25, 76, 0.50),
(25, 18, 1.00),
(25, 74, 1.00),
(25, 39, 50.00),
(25, 67, 1.00),
(26, 66, 150.00),
(26, 68, 4.00),
(26, 27, 1.00),
(26, 72, 50.00),
(26, 69, 2.00),
(26, 30, 1.00),
(26, 70, 1.00),
(26, 45, 1.00),
(26, 78, 2.00),
(27, 65, 2.00),
(27, 27, 1.00),
(27, 14, 1.00),
(27, 60, 0.50),
(27, 69, 2.00),
(27, 33, 1.00),
(27, 34, 0.50),
(27, 78, 1.00),
(28, 38, 300.00),
(28, 61, 100.00),
(28, 18, 1.00),
(28, 33, 2.00),
(28, 79, 1.00),
(28, 54, 1.00),
(28, 75, 8.00),
(28, 53, 1.00),
(28, 19, 5.00),
(28, 67, 1.00),
(29, 36, 200.00),
(29, 11, 2.00),
(29, 15, 1.00),
(29, 44, 0.25),
(29, 73, 1.00),
(29, 53, 0.25),
(29, 67, 1.00),
(29, 9, 0.50),
(30, 65, 2.00),
(30, 68, 6.00),
(30, 16, 1.00),
(30, 21, 6.00),
(30, 8, 1.00),
(30, 60, 0.50),
(30, 51, 2.00),
(30, 67, 1.00),
(31, 65, 2.00),
(31, 42, 4.00),
(31, 2, 1.00),
(31, 44, 1.00),
(31, 50, 1.00),
(31, 67, 0.25),
(32, 37, 300.00),
(32, 81, 0.50),
(32, 33, 3.00),
(32, 43, 1.00),
(32, 26, 1.00),
(32, 56, 1.00),
(32, 76, 0.50),
(32, 75, 4.00),
(32, 73, 1.00),
(32, 44, 1.00),
(32, 71, 1.00),
(33, 28, 2.00),
(33, 37, 300.00),
(33, 53, 1.00),
(33, 33, 2.00),
(33, 74, 1.00),
(33, 20, 0.25),
(33, 47, 200.00),
(33, 31, 30.00),
(33, 12, 30.00),
(33, 57, 20.00),
(33, 67, 1.00),
(34, 6, 500.00),
(34, 53, 2.00),
(34, 56, 2.00),
(34, 14, 1.00),
(34, 63, 2.00),
(34, 73, 1.00),
(34, 33, 2.00),
(34, 67, 1.00),
(35, 24, 2.00),
(35, 31, 100.00),
(35, 7, 200.00),
(35, 4, 1.00),
(35, 67, 1.00),
(35, 63, 3.00),
(35, 78, 1000.00),
(36, 36, 300.00),
(36, 75, 6.00),
(36, 74, 1.00),
(36, 15, 100.00),
(36, 53, 1.00),
(36, 18, 1.00),
(36, 26, 1.00),
(36, 33, 2.00),
(37, 62, 1000.00),
(37, 70, 2.00),
(37, 56, 2.00),
(37, 33, 2.00),
(37, 67, 2.00),
(37, 74, 1.00);

INSERT INTO Recipes(recipe_id, dish_id, instructions) VALUES
(1, 1, 'Step 1: Toast or grill slices of baguette until lightly crisp. Step 2: In a bowl, combine chopped tomatoes, minced garlic, basil, olive oil, salt, and pepper. Step 3: Spoon the tomato mixture onto the toasted bread and serve immediately.'),
(2, 2, 'Step 1: Drain and rinse chickpeas. In a blender or food processor, combine chickpeas, tahini, lemon juice, garlic, and a bit of olive oil. Step 2: Blend until smooth, adding water or olive oil as needed to reach a creamy consistency. Step 3: Season with salt, drizzle with extra olive oil, and serve (optionally with pita bread or veggies).'),
(3, 3, 'Step 1: Prepare the filling by shredding vegetables (cabbage, carrots, etc.) and mixing with soy sauce, garlic, and ginger. Optionally add cooked meat. Step 2: Place a spoonful of filling on a spring roll wrapper. Roll it tightly, sealing the edges with a bit of water or egg. Step 3: Deep fry the rolls in hot oil until golden brown. Drain on paper towels and serve with dipping sauce.'),
(4, 4, 'Step 1: Make a dough from flour, water, salt, and oil. Let it rest while you prepare the potato-and-pea filling. Step 2: Boil potatoes and peas, then mash and season them with cumin, turmeric, garam masala, garlic, and ginger. Let filling cool. Step 3: Roll out the dough and cut into circles. Fill with potato mixture and fold into triangular pockets. Deep fry until golden brown. Serve hot.'),
(5, 5, 'Step 1: In a bowl, mix ground pork with finely chopped cabbage, garlic, ginger, soy sauce, and salt for the filling. Step 2: Place a small spoonful of filling in a round dumpling wrapper. Moisten the edges and fold to seal (pleat the top). Step 3: Steam the dumplings for about 10 minutes (or boil until they float). Alternatively, pan-fry them until bottoms are golden then add water to steam through. Serve with soy dipping sauce.'),
(6, 6, 'Step 1: Cut the fish into small cubes. In a glass bowl, combine the fish with enough lime juice to cover. Add diced red onion, chopped cilantro, and minced chili pepper. Step 2: Refrigerate and let the fish "cook" in the citrus acid for about 15-20 minutes until it turns opaque. Step 3: Season with salt and pepper. Serve chilled, optionally with avocado slices or tortilla chips.'),
(7, 7, 'Step 1: Soak dried chickpeas overnight (or use drained canned chickpeas). In a food processor, blend chickpeas with garlic, onion, parsley, cilantro, cumin, and salt until you get a coarse paste. Step 2: Form the mixture into small balls or patties. If too wet, add a bit of flour; if too dry, add a touch of water. Step 3: Deep fry the falafel in hot oil until brown and crispy. Drain and serve hot, with tahini sauce or in pita bread.'),
(8, 8, 'Step 1: Bring a pot of water or broth to a boil. Add lemongrass, kaffir lime leaves, and galangal (or ginger) to infuse flavor. Step 2: Add mushrooms and shrimp. Stir in chili paste, fish sauce, and lime juice. Step 3: Simmer for a few minutes until shrimp are cooked. Adjust seasoning (fish sauce for saltiness, lime for sour). Garnish with cilantro and serve hot.'),
(9, 9, 'Step 1: Bring dashi (or water) to a simmer in a pot. Step 2: Add cubed tofu and wakame seaweed. Simmer for a minute. Step 3: Turn off heat. Stir in miso paste (dissolved in a bit of hot broth). Do not boil after adding miso. Serve garnished with sliced green onions.'),
(10, 10, 'Step 1: Melt butter in a heavy pot. Add sliced onions and cook on low heat for about 30 minutes, stirring occasionally, until onions are deeply caramelized. Step 2: Stir in a bit of flour and cook for a minute. Add beef broth (and a splash of wine). Simmer for another 30 minutes, seasoning with salt and pepper. Step 3: Ladle soup into bowls, top each with a slice of toasted baguette and grated cheese. Broil briefly until cheese is melted and bubbly. Serve hot.'),
(11, 11, 'Step 1: Heat olive oil in a large pot. Sauté chopped onions, carrots, and celery until softened. Step 2: Add diced tomatoes (with juice), broth, and herbs (basil or oregano). Stir in other vegetables (zucchini, beans) and a handful of pasta or beans. Simmer until veggies and pasta are tender. Step 3: Season with salt and pepper. Serve hot, topped with grated Parmesan cheese if desired.'),
(12, 12, 'Step 1: In a soup pot, brown beef chunks in oil, then set aside. Sauté chopped onions, carrots, and celery. Step 2: Add diced beets, shredded cabbage, potatoes, and the browned beef. Pour in broth and a little vinegar or lemon. Simmer until vegetables and beef are tender (about 1 hour). Step 3: Season with salt and pepper. Serve hot with a spoonful of sour cream and fresh dill on top.'),
(13, 13, 'Step 1: In a large pot, char an onion and ginger (optional), then add beef bones or stock. Add spices (star anise, cinnamon, cloves) and simmer for at least 1-2 hours to develop flavor. Step 2: Season the broth with fish sauce and a bit of sugar. Strain the broth. Step 3: To serve, place cooked rice noodles in bowls, top with thinly sliced raw beef. Ladle the boiling broth over to cook the beef. Serve with bean sprouts, basil, lime, and chili on the side.'),
(14, 14, 'Step 1: Roughly chop tomatoes, cucumber, red bell pepper, garlic, and onion. Step 2: Place chopped vegetables in a blender. Add olive oil, a bit of vinegar, salt, and pepper. Blend until smooth. Step 3: Chill the soup in the fridge for a couple of hours. Serve cold, garnished with diced cucumber or croutons.'),
(15, 15, 'Step 1: In a pot, cook diced bacon until crispy (if using). Remove bacon, leaving the fat. Step 2: Sauté chopped onions and celery in the bacon fat (or butter) until softened. Add diced potatoes, clams (with juice), and broth. Simmer until potatoes are tender. Step 3: Stir in milk or heavy cream and the cooked bacon. Heat gently (do not boil) until chowder is hot and slightly thickened. Season with salt and pepper. Serve with oyster crackers.'),
(16, 16, 'Step 1: Prepare the dressing by whisking together egg yolk (or mayo), olive oil, lemon juice, minced garlic, Worcestershire sauce, and grated Parmesan. Step 2: Chop romaine lettuce and toss with the dressing until coated. Step 3: Top with croutons and additional Parmesan. Serve immediately.'),
(17, 17, 'Step 1: Chop tomatoes, cucumber, green bell pepper, and red onion. Combine in a bowl with a handful of olives. Step 2: Drizzle with olive oil and a splash of red wine vinegar. Sprinkle with oregano, salt, and pepper. Step 3: Toss gently. Add crumbled feta on top and serve fresh.'),
(18, 18, 'Step 1: Slice tomatoes and fresh mozzarella. Arrange alternating slices on a plate with basil leaves. Step 2: Drizzle with olive oil (and balsamic vinegar if desired). Step 3: Sprinkle with salt and pepper and serve immediately.'),
(19, 19, 'Step 1: Wash and chop kale, removing tough stems. Drizzle with olive oil and lemon juice. Step 2: Massage the kale for a couple of minutes until it softens. Step 3: Toss with any desired toppings (Parmesan, nuts, etc.) and season with salt and pepper. Serve.'),
(20, 20, 'Step 1: Cook and crumble the bacon. Hard-boil the eggs and chop them. Cook the chicken breast and dice it. Step 2: Place chopped lettuce in a bowl. Arrange bacon, chicken, eggs, diced tomatoes, avocado, and crumbled cheese on top. Step 3: Drizzle with vinaigrette and toss just before serving.'),
(21, 21, 'Step 1: Cook spaghetti in boiling salted water until al dente. Meanwhile, beat together eggs with grated Parmesan and black pepper. Step 2: In a pan, fry pancetta until crispy. Drain pasta and add to the pan (off heat). Quickly stir in the egg-cheese mixture, tossing to coat the pasta (the heat of the pasta cooks the eggs). Step 3: Serve immediately with extra Parmesan and pepper.'),
(22, 22, 'Step 1: Prepare pizza dough by mixing flour, yeast, water, salt, and olive oil. Knead and let rise for 1-2 hours. Step 2: Preheat oven to 220°C. Stretch out the dough into a round. Spread tomato sauce on top. Add fresh mozzarella slices and basil leaves. Step 3: Bake for 10-15 minutes until crust is golden and cheese is melted and bubbly.'),
(23, 23, 'Step 1: Season beef chunks and brown them in a pot with a bit of oil, then remove. Sauté bacon, onions, carrots, and mushrooms in the same pot. Step 2: Return beef, sprinkle flour, and cook briefly. Add red wine and broth, scraping up browned bits. Add bay leaf and thyme. Step 3: Cover and simmer on low (or in a low oven) for 2-3 hours until beef is tender. Serve with a sprinkle of parsley.'),
(24, 24, 'Step 1: Cut eggplant, zucchini, bell peppers, and tomatoes into chunks. Mince garlic. Step 2: Heat olive oil in a pot. Sauté garlic and onion, then add eggplant. After a few minutes, add zucchini and bell peppers. Step 3: Once slightly softened, add tomatoes and herbs. Simmer ~30 minutes until vegetables are tender. Season with salt and pepper and serve.'),
(25, 25, 'Step 1: Marinate chicken in yogurt with garlic, ginger, garam masala, cumin, turmeric, and chili powder for at least 30 minutes. Step 2: Broil or pan-sear the chicken until partially cooked and charred. Step 3: In a pot, sauté onions in butter. Add tomato sauce and spices, simmer, then stir in cream. Add chicken and cook 15 minutes until tender. Serve with rice or naan.'),
(26, 26, 'Step 1: Soak rice noodles in warm water until softened, then drain. Mix tamarind (or lime) juice, fish sauce, sugar, and chili to make a sauce. Step 2: Heat oil in a wok. Stir-fry garlic, then add shrimp (or chicken) and tofu. Push aside, scramble an egg in the pan. Step 3: Add noodles and sauce. Toss everything over high heat. Add bean sprouts and peanuts, toss briefly. Serve with lime wedges.'),
(27, 27, 'Step 1: Beat an egg and chop vegetables (carrots, peas, etc.). Use day-old cooked rice. Step 2: Heat oil in a wok. Scramble the egg and set aside. Stir-fry vegetables until tender. Step 3: Add rice and soy sauce. Fry, stirring constantly. Mix in scrambled egg. Stir-fry until heated through. Serve hot.'),
(28, 28, 'Step 1: Slice pork and marinate in chili powder, cumin, garlic, vinegar, and pineapple juice for several hours. Step 2: Grill or pan-cook the pork until browned and caramelized. Step 3: Warm corn tortillas. Fill with pork, then top with chopped onion, cilantro, and a squeeze of lime. Serve with pineapple chunks if desired.'),
(29, 29, 'Step 1: Season ground beef with salt and pepper and form into a patty. Step 2: Grill or pan-fry the patty ~4 minutes per side (to desired doneness). Top with a slice of cheese in the last minute to melt. Step 3: Toast the burger bun. Assemble the burger with lettuce, tomato, onion, the cheeseburger patty, and condiments. Serve immediately.'),
(30, 30, 'Step 1: Heat oil in a wide pan. Sauté onion and garlic, then add rice and cook 1 minute. Step 2: Stir in broth and a pinch of saffron. Add chicken pieces, shrimp, and vegetables (peas, red peppers). Do not stir as it cooks. Step 3: Cook until rice absorbs liquid and a crust forms at the bottom. Add mussels in last 10 minutes to steam open. Rest a few minutes off heat then serve with lemon wedges.'),
(31, 31, 'Step 1: Cook sushi rice and season it with vinegar, sugar, and salt. Let cool slightly. Step 2: Lay a nori sheet on a mat. Spread a thin layer of rice on it. Flip so rice is outside. Step 3: Place crab, avocado, and cucumber on the nori. Roll tightly using the mat. Cut into pieces. Serve with soy sauce, wasabi, and ginger.'),
(32, 32, 'Step 1: Slice lamb or chicken and marinate in yogurt, garlic, lemon, and spices (cumin, paprika, turmeric) for several hours. Step 2: Roast on a spit or bake in an oven until cooked through and slightly charred. Slice thinly. Step 3: Serve the meat in warm pita with sliced tomatoes, cucumbers, onions, and a drizzle of tahini sauce. Wrap and enjoy.'),
(33, 33, 'Step 1: Slice eggplants and lightly fry or roast them. Step 2: Cook ground lamb with onions, garlic, tomatoes, and cinnamon to make a meat sauce. Step 3: Layer eggplant and meat sauce in a baking dish. Top with béchamel sauce. Bake at 180°C for ~45 minutes until golden. Let set, then slice and serve.'),
(34, 34, 'Step 1: Sauté onions in oil in a pot. Add beef chunks and brown. Step 2: Stir in plenty of paprika and a bit of tomato paste. Add broth, diced potatoes, and bell peppers. Step 3: Simmer 1.5-2 hours until beef is tender and broth thickens. Season to taste. Serve hot, often with bread or noodles.'),
(35, 35, 'Step 1: Cut potatoes into thick fries. Soak in water, then pat dry. Heat oil for deep-frying. Step 2: Mix flour, baking powder, and salt. Whisk in beer to create batter. Dip fish fillets in batter. Step 3: Fry potatoes until golden; remove and salt. Fry battered fish until golden brown and cooked through. Serve with fries, tartar sauce, and vinegar.'),
(36, 36, 'Step 1: Preheat oven to 180°C. Cook ground beef with onion, garlic, and spices. Step 2: Warm tortillas to soften. Place beef and cheese in each tortilla, roll up, and place in a baking dish. Step 3: Pour enchilada sauce over rolled tortillas and top with cheese. Bake ~20 minutes until cheese is melted. Serve with sour cream and cilantro.'),
(37, 37, 'Step 1: Preheat oven to 150°C. Remove membrane from back of ribs. Rub ribs with a mix of paprika, brown sugar, salt, and pepper. Step 2: Place ribs in a baking dish, cover with foil, and bake 2-3 hours until very tender. Step 3: Remove foil, brush ribs with barbecue sauce. Grill or broil for a few minutes to caramelize. Let rest, then cut and serve.'),
(38, 38, 'Step 1: Cut chicken into bite-size pieces and marinate with soy sauce and cornstarch. Step 2: Heat oil in a wok. Fry a few dried chilies, then add chicken and stir-fry until cooked. Toss in bell peppers (optional), minced garlic, ginger, and peanuts. Step 3: Pour in a sauce of soy sauce, vinegar, sugar, and chili paste. Stir-fry until sauce thickens and coats the chicken. Serve with rice.'),
(39, 39, 'Step 1: Marinate chicken with yogurt, garlic, ginger, garam masala, turmeric, and salt for 1 hour. Step 2: Parboil basmati rice with whole spices (bay leaf, cardamom). Layer half-cooked rice over the marinated chicken in a pot. Step 3: Sprinkle fried onions and saffron-infused milk (if available) on top. Cover and cook on low heat for ~30 minutes until rice is fully cooked and aromatic. Serve with raita.'),
(40, 40, 'Step 1: Heat oil in a pot. Add green curry paste and fry briefly until fragrant. Step 2: Stir in coconut milk. Add chicken (or tofu) and vegetables (eggplant, bell pepper). Simmer until chicken is cooked and veggies are tender. Step 3: Season with fish sauce and a touch of sugar. Stir in fresh basil. Serve hot with rice.'),
(41, 41, 'Step 1: Preheat oven to 180°C. Cook macaroni in salted water until al dente and drain. Step 2: In a saucepan, make a roux with butter and flour. Whisk in milk to form a béchamel. Add cheddar cheese and stir until melted into a sauce. Step 3: Combine pasta with cheese sauce and pour into a baking dish. Top with breadcrumbs (optional) and bake ~15 minutes until bubbly. Serve hot.'),
(42, 42, 'Step 1: Cook rice and prepare vegetable toppings (sauté spinach, carrots, zucchini separately with garlic and salt). Step 2: Marinate beef slices in soy sauce, garlic, sugar, and sesame oil, then stir-fry until cooked. Step 3: In bowls, serve rice topped with arranged vegetables and beef. Add a fried egg on top of each. Serve with gochujang (chili paste) to mix in.'),
(43, 43, 'Step 1: Sauté onions and garlic in oil. Add ground beef and cook until browned. Step 2: Stir in chili powder, cumin, and paprika. Add diced tomatoes, kidney beans, and a bit of broth. Step 3: Simmer partially covered for about 1 hour, stirring occasionally, until chili thickens. Season with salt and pepper. Serve with cheese or sour cream if desired.'),
(44, 44, 'Step 1: Preheat oven to 180°C. Melt butter and mix with sugar. Beat in eggs and vanilla. Step 2: Stir in cocoa, flour, salt, and baking powder until just combined. Fold in any nuts or chocolate chips. Step 3: Pour batter into a greased pan. Bake ~20-25 minutes (do not overbake for fudgy brownies). Let cool before cutting into squares.'),
(45, 45, 'Step 1: Brew strong coffee and let it cool. Separate eggs; beat egg yolks with sugar, then mix in mascarpone. Whip egg whites to soft peaks and fold into mascarpone mixture. Step 2: Dip ladyfingers briefly in coffee (with a splash of liqueur if desired) and line them in a dish. Step 3: Spread half of the mascarpone mixture over the soaked ladyfingers. Add another layer of dipped ladyfingers, then remaining mascarpone. Chill 4+ hours. Dust with cocoa before serving.'),
(46, 46, 'Step 1: Preheat oven to 200°C. Roll out pie dough and line a pie dish. Step 2: Peel and slice apples. Toss with sugar, cinnamon, and a bit of flour and lemon juice. Fill crust with apple mixture and dot with butter. Step 3: Cover with top crust and seal edges. Cut vents on top. Bake 50-60 minutes until crust is golden and apples are tender. Let cool slightly before slicing.'),
(47, 47, 'Step 1: Preheat oven to 160°C. Mix crushed graham crackers with melted butter and press into springform pan. Step 2: Beat cream cheese with sugar until smooth. Add eggs one at a time, then vanilla and a little lemon zest. Step 3: Pour filling over crust. Bake in a water bath ~60 minutes until almost set. Turn off oven and let cheesecake cool inside. Then chill in fridge for several hours before serving.'),
(48, 48, 'Step 1: Mix flour, a pinch of salt, eggs, milk, and melted butter into a smooth, thin batter. Let it rest 15 minutes. Step 2: Heat a non-stick pan and lightly butter it. Pour a small ladle of batter and swirl to cover the pan in a thin layer. Step 3: Cook ~1 minute until bottom is golden, then flip and cook 30 seconds more. Repeat with remaining batter. Serve crepes with fillings like fruit, chocolate, or whipped cream.'),
(49, 49, 'Step 1: In a saucepan, boil water, butter, and a pinch of salt. Stir in flour to form a dough ball. Let cool slightly, then beat in eggs one at a time. Step 2: Heat oil for deep frying. Spoon dough into a piping bag with a star tip. Pipe 4-inch strips into hot oil, cutting with scissors. Step 3: Fry churros until golden, turning once. Remove and drain on paper towels. Roll in cinnamon sugar while warm. Serve with chocolate sauce if desired.'),
(50, 50, 'Step 1: In a bowl, mix milk powder, a bit of flour, baking powder, and ghee (clarified butter). Add milk gradually to form a soft dough. Step 2: Shape into small balls. Heat oil on low-medium and fry the balls slowly until golden brown. Step 3: In a pot, boil sugar with water and cardamom to make syrup. Add a little rose water if available. Soak fried balls in warm syrup for at least 30 minutes. Serve warm or at room temperature.');

INSERT INTO MealTypes(meal_type_id, name) VALUES
(1, 'Breakfast'),
(2, 'Lunch'),
(3, 'Dinner'),
(4, 'Snack');

INSERT INTO PlanedDishes(user_id, dish_id, meal_type_id, date) VALUES
(1, 21, 3, '2025-06-01'),
(1, 5, 2, '2025-06-02'),
(2, 16, 2, '2025-06-01'),
(2, 44, 4, '2025-06-01'),
(3, 8, 1, '2025-06-03'),
(3, 8, 3, '2025-06-03'),
(3, 9, 1, '2025-06-04'),
(4, 28, 3, '2025-06-05'),
(5, 37, 3, '2025-06-06'),
(6, 25, 3, '2025-06-06'),
(7, 45, 4, '2025-06-07'),
(8, 20, 2, '2025-06-07'),
(9, 39, 3, '2025-06-08'),
(10, 50, 3, '2025-06-08');

INSERT INTO IngredientInventory(user_id, ingredient_id, quantity) VALUES
(1, 67, 5.00),
(1, 9, 2.00),
(1, 51, 250.00),
(2, 31, 1000.00),
(2, 70, 500.00),
(2, 27, 12.00),
(3, 65, 1.00),
(3, 16, 2.00),
(3, 69, 5.00),
(4, 59, 500.00),
(4, 74, 2.00),
(5, 63, 5.00),
(5, 53, 3.00),
(6, 33, 5.00),
(6, 32, 1.00),
(7, 12, 200.00),
(7, 47, 1000.00),
(8, 44, 2.00),
(8, 73, 4.00),
(9, 68, 10.00),
(9, 45, 3.00),
(10, 31, 500.00),
(10, 70, 500.00);